motif_id	motif_alt_id	sequence_name	start	stop	strand	score	p-value	q-value	matched_sequence
MOTIF		ENSG00000143850_193	837	851	+	15.3636	1.01e-06	0.0339	ATTGGGGAGGCAGGA
MOTIF		ENSG00000214655_104	79	93	-	14.9818	1.57e-06	0.0339	CTGGGGGTGGCCGGG
MOTIF		ENSG00000214655_256	100	114	-	14.9818	1.57e-06	0.0339	CTGGGGGTGGCCGGG
MOTIF		ENSG00000214655_275	106	120	-	14.9818	1.57e-06	0.0339	CTGGGGGTGGCCGGG
MOTIF		ENSG00000214655_160	138	152	-	14.9818	1.57e-06	0.0339	CTGGGGGTGGCCGGG
MOTIF		ENSG00000214655_278	180	194	-	14.9818	1.57e-06	0.0339	CTGGGGGTGGCCGGG
MOTIF		ENSG00000185100_216	95	109	+	14.9182	1.68e-06	0.0339	ATGGGGGTGGCCGTG
MOTIF		ENSG00000163435_58	712	726	+	14.2818	3.32e-06	0.0586	CTGAGGGTGGCCAGG
MOTIF		ENSG00000110628_110	291	305	+	13.6364	6.3e-06	0.0947	CTGTGGGAGGCAAGG
MOTIF		ENSG00000117407_70	177	191	+	13.5727	6.7e-06	0.0947	ACTGGGGTGGCAGGC
MOTIF		ENSG00000163435_58	905	919	+	13.1455	1e-05	0.0986	CTTTGGGAGGCTGAG
MOTIF		ENSG00000110628_110	56	70	-	13.1182	1.03e-05	0.0986	CTGGGGGGAGCAGGG
MOTIF		ENSG00000171604_186	151	165	-	13.0273	1.12e-05	0.0986	CTTTGGGAAGCAGAG
MOTIF		ENSG00000171604_212	169	183	-	13.0273	1.12e-05	0.0986	CTTTGGGAAGCAGAG
MOTIF		ENSG00000171604_200	230	244	-	13.0273	1.12e-05	0.0986	CTTTGGGAAGCAGAG
MOTIF		ENSG00000171604_248	251	265	-	13.0273	1.12e-05	0.0986	CTTTGGGAAGCAGAG
MOTIF		ENSG00000119866_182	529	543	-	12.2273	2.25e-05	0.133	AAAGGGGTGGCAGGG
MOTIF		ENSG00000119866_75	1	15	+	12.0818	2.55e-05	0.133	TTTTGGATGTCAAAA
MOTIF		ENSG00000119866_191	53	67	+	12.0818	2.55e-05	0.133	TTTTGGATGTCAAAA
MOTIF		ENSG00000119866_153	92	106	+	12.0818	2.55e-05	0.133	TTTTGGATGTCAAAA
MOTIF		ENSG00000119866_268	99	113	+	12.0818	2.55e-05	0.133	TTTTGGATGTCAAAA
MOTIF		ENSG00000119866_214	150	164	+	12.0818	2.55e-05	0.133	TTTTGGATGTCAAAA
MOTIF		ENSG00000119866_38	163	177	+	12.0818	2.55e-05	0.133	TTTTGGATGTCAAAA
MOTIF		ENSG00000119866_221	224	238	+	12.0818	2.55e-05	0.133	TTTTGGATGTCAAAA
MOTIF		ENSG00000119866_60	226	240	+	12.0818	2.55e-05	0.133	TTTTGGATGTCAAAA
MOTIF		ENSG00000119866_208	246	260	+	12.0818	2.55e-05	0.133	TTTTGGATGTCAAAA
MOTIF		ENSG00000119866_26	250	264	+	12.0818	2.55e-05	0.133	TTTTGGATGTCAAAA
MOTIF		ENSG00000186350_260	15	29	+	11.8909	2.99e-05	0.151	CATGGGGTGGGGATG
MOTIF		ENSG00000257315_281	3770	3784	+	11.5909	3.81e-05	0.186	TTTGAGGAAGCAGTG
MOTIF		ENSG00000058668_73	239	253	+	11.4727	4.19e-05	0.186	ATTGGAGGGGCAGGG
MOTIF		ENSG00000058668_52	465	479	+	11.4727	4.19e-05	0.186	ATTGGAGGGGCAGGG
MOTIF		ENSG00000110719_170	336	350	+	11.4636	4.23e-05	0.186	GTGGGGGAGGCAGGG
MOTIF		ENSG00000072682_124	58	72	+	11.4273	4.35e-05	0.186	GCTGGGGTCGCCAGG
MOTIF		ENSG00000257315_281	1627	1641	-	11.1182	5.54e-05	0.23	TATGAGGAGGCAATT
MOTIF		ENSG00000163435_58	2916	2930	+	11.0455	5.86e-05	0.237	TCTGGGAAGGCAGAA
MOTIF		ENSG00000072682_57	76	90	+	10.9182	6.47e-05	0.242	CCAGGGGTCGCAGAG
MOTIF		ENSG00000123384_50	57	71	-	10.7818	7.17e-05	0.242	CTTGGGGAGGGCCTG
MOTIF		ENSG00000075651_89	65	79	-	10.7818	7.17e-05	0.242	CAAGAGGTGGCAAAA
MOTIF		ENSG00000123384_204	280	294	-	10.7818	7.17e-05	0.242	CTTGGGGAGGGCCTG
MOTIF		ENSG00000123384_0	290	304	-	10.7818	7.17e-05	0.242	CTTGGGGAGGGCCTG
MOTIF		ENSG00000257315_217	672	686	-	10.7727	7.22e-05	0.242	CCAGGGGTGGGAGTG
MOTIF		ENSG00000143850_193	586	600	+	10.7	7.62e-05	0.242	CTGAGGGGAGCAAGT
MOTIF		ENSG00000081237_211	39	53	+	10.6545	7.89e-05	0.242	CTTAGGGTAACAGAG
MOTIF		ENSG00000081237_134	45	59	+	10.6545	7.89e-05	0.242	CTTAGGGTAACAGAG
MOTIF		ENSG00000081237_224	66	80	+	10.6545	7.89e-05	0.242	CTTAGGGTAACAGAG
MOTIF		ENSG00000081237_22	117	131	+	10.6545	7.89e-05	0.242	CTTAGGGTAACAGAG
MOTIF		ENSG00000163531_277	64	78	+	10.3545	9.85e-05	0.294	GTGGGGGAGGCCGAG
MOTIF		ENSG00000257315_217	1690	1704	-	10.3364	9.98e-05	0.294	TATGGGGAATCAAAT

# FIMO (Find Individual Motif Occurrences): Version 5.1.1 compiled on Feb  1 2020 at 23:13:12
# The format of this file is described at http://meme-suite.org//doc/fimo-output-format.html.
# fimo --oc . --verbosity 1 --thresh 1.0E-4 motif.txt repressed_target38_seqin.fa
